t,x,y,z
0.0,0.006,0.01,0.98
0.02,-0.021,-0.012,0.993
0.04,0.015,0.025,1.006
0.06,0.019,-0.013,0.998
0.08,-0.039,-0.013,0.99
0.1,-0.026,0.011,0.99
0.12,0.003,0.015,0.989
0.14,-0.006,0.009,0.987
0.16,-0.0,-0.034,1.034
0.18,-0.017,0.011,1.004
0.2,0.018,-0.021,1.013
0.22,0.016,0.005,0.993
0.24,0.001,-0.028,0.997
0.26,0.023,0.009,0.989
0.28,0.009,-0.016,0.96
0.3,-0.017,-0.026,0.979
0.32,0.007,0.014,0.973
0.34,-0.019,0.005,0.966
0.36,0.018,-0.012,0.982
0.38,-0.001,0.029,1.02
0.4,-0.004,-0.009,0.999
0.42,-0.014,0.001,1.019
0.44,0.024,0.005,1.006
0.46,-0.003,-0.012,1.012
0.48,-0.009,0.009,0.986
0.5,-0.007,-0.011,1.008
0.52,0.011,-0.008,1.011
0.54,0.007,0.027,0.991
0.56,0.008,-0.021,1.008
0.58,0.009,-0.048,1.008
0.6,0.043,0.032,0.992
0.62,-0.008,0.051,0.983
0.64,-0.01,-0.008,0.982
0.66,-0.016,-0.039,1.001
0.68,0.012,-0.006,1.005
0.7,0.023,-0.006,0.988
0.72,-0.002,-0.004,1.0
0.74,-0.017,-0.022,1.009
0.76,-0.016,0.012,1.009
0.78,0.013,0.01,1.023
0.8,0.015,-0.03,1.019
0.82,0.011,0.014,0.985
0.84,-0.013,0.041,1.025
0.86,0.005,0.003,0.992
0.88,0.002,-0.007,1.016
0.9,0.004,-0.003,1.001
0.92,0.017,0.012,0.994
0.94,0.004,-0.035,0.973
0.96,0.014,0.003,0.997
0.98,0.001,-0.008,0.977
1.0,0.006,0.037,1.015
1.02,0.013,-0.003,1.023
1.04,-0.029,0.033,0.988
1.06,-0.006,-0.022,1.005
1.08,-0.009,0.012,0.989
1.1,-0.013,0.006,0.991
1.12,-0.006,-0.017,1.012
1.14,0.03,0.004,0.999
1.16,-0.017,0.024,1.026
1.18,0.019,-0.006,0.993
1.2,-0.034,-0.034,1.015
1.22,-0.007,-0.0,1.001
1.24,0.003,-0.018,1.012
1.26,0.012,-0.007,0.993
1.28,0.014,-0.002,0.999
1.3,0.016,-0.034,0.998
1.32,-0.007,-0.032,0.987
1.34,-0.009,0.01,1.01
1.36,0.017,-0.01,1.01
1.38,-0.004,-0.051,1.009
1.4,-0.026,0.016,1.023
1.42,-0.023,0.005,1.022
1.44,-0.018,-0.014,0.994
1.46,0.01,-0.026,1.006
1.48,0.003,0.017,0.991
1.5,0.014,0.007,1.0
1.52,-0.009,0.048,0.991
1.54,0.003,0.008,1.024
1.56,0.013,0.008,1.005
1.58,-0.006,-0.003,0.997
1.6,0.009,0.016,1.018
1.62,-0.013,0.013,0.967
1.64,-0.007,0.025,0.97
1.66,-0.008,-0.01,1.012
1.68,-0.024,-0.009,1.001
1.7,0.01,-0.01,1.004
1.72,-0.009,0.016,0.98
1.74,0.0,0.03,1.0
1.76,0.01,-0.009,1.03
1.78,0.009,-0.008,1.012
1.8,0.013,0.006,1.003
1.82,-0.002,-0.005,0.993
1.84,-0.008,0.019,0.994
1.86,-0.002,-0.045,0.968
1.88,-0.034,-0.017,1.004
1.9,-0.029,-0.016,1.013
1.92,-0.026,-0.046,0.976
1.94,-0.02,-0.019,0.99
1.96,0.008,-0.018,0.983
1.98,-0.018,-0.004,0.986
2.0,-0.008,0.022,1.001
2.02,0.026,-0.005,0.969
2.04,-0.006,-0.021,1.009
2.06,0.016,-0.001,1.011
2.08,-0.016,0.021,0.996
2.1,-0.0,-0.02,0.963
2.12,-0.013,-0.018,0.985
2.14,0.001,0.011,1.018
2.16,0.027,-0.004,0.958
2.18,-0.022,0.013,0.995
2.2,0.025,-0.0,0.982
2.22,0.024,0.014,1.012
2.24,0.011,-0.021,0.99
2.26,-0.002,-0.0,1.006
2.28,0.033,-0.004,1.008
2.3,0.025,-0.024,1.028
2.32,0.046,-0.031,0.997
2.34,0.047,0.014,1.006
2.36,0.084,-0.007,0.978
2.38,0.053,-0.02,1.018
2.4,0.044,-0.002,0.989
2.42,0.074,0.023,0.992
2.44,0.082,-0.046,1.0
2.46,0.112,-0.03,0.977
2.48,0.109,-0.018,1.003
2.5,0.107,0.029,1.015
2.52,0.137,0.006,1.004
2.54,0.093,0.015,0.976
2.56,0.113,-0.023,0.998
2.58,0.116,-0.022,1.011
2.6,0.136,0.009,0.972
2.62,0.126,0.001,0.984
2.64,0.177,0.011,1.013
2.66,0.17,-0.004,1.004
2.68,0.156,0.006,1.006
2.7,0.176,0.003,1.028
2.72,0.214,0.016,1.007
2.74,0.236,0.016,1.01
2.76,0.271,-0.032,1.041
2.78,0.302,-0.045,0.997
2.8,0.264,0.02,0.988
2.82,0.249,0.024,1.006
2.84,0.24,-0.02,1.007
2.86,0.301,-0.037,0.992
2.88,0.294,0.002,0.985
2.9,0.316,0.019,1.035
2.92,0.326,0.036,1.005
2.94,0.351,0.01,0.989
2.96,0.39,-0.007,1.014
2.98,0.387,-0.018,0.998
3.0,0.997,0.0,0.996
3.02,0.995,-0.006,1.008
3.04,0.999,-0.02,0.981
3.06,1.038,0.041,1.005
3.08,1.063,0.036,1.029
3.1,1.115,0.023,1.007
3.12,1.099,-0.018,0.994
3.14,1.132,0.017,0.992
3.16,1.118,0.013,0.994
3.18,1.12,0.009,0.996
3.2,1.141,0.025,0.994
3.22,1.161,0.013,1.014
3.24,1.235,0.015,0.974
3.26,1.192,0.013,1.013
3.28,1.241,0.007,0.994
3.3,1.222,-0.036,1.006
3.32,1.275,0.002,0.983
3.34,1.28,-0.011,1.02
3.36,1.285,-0.026,1.019
3.38,1.303,0.034,1.014
3.4,1.307,0.035,0.977
3.42,1.345,0.027,1.012
3.44,1.343,0.005,1.006
3.46,1.343,0.027,0.976
3.48,1.358,0.0,1.0
3.5,1.403,0.004,1.005
3.52,1.448,-0.022,1.008
3.54,1.435,0.008,1.003
3.56,1.446,0.001,1.004
3.58,1.47,-0.026,1.022
3.6,1.506,-0.001,1.018
3.62,1.5,-0.002,0.957
3.64,1.504,0.036,0.995
3.66,1.55,0.018,0.998
3.68,1.553,0.0,0.974
3.7,1.591,0.005,1.001
3.72,1.58,0.001,1.019
3.74,1.568,-0.004,0.984
3.76,1.581,-0.022,1.005
3.78,1.657,-0.003,0.986
3.8,1.674,-0.015,0.99
3.82,1.652,-0.025,1.022
3.84,1.664,0.01,0.992
3.86,1.717,0.008,1.007
3.88,1.682,-0.036,0.972
3.9,1.702,-0.002,1.028
3.92,1.749,0.02,1.009
3.94,1.744,0.021,0.997
3.96,1.768,0.021,1.009
3.98,1.781,0.001,0.979
4.0,1.807,-0.017,1.018
4.02,1.844,-0.022,0.995
4.04,1.833,0.007,0.997
4.06,1.859,0.008,0.993
4.08,1.82,0.026,0.991
4.1,1.875,0.022,1.01
4.12,1.873,-0.003,1.004
4.14,1.88,-0.025,1.01
4.16,1.9,-0.006,1.0
4.18,1.924,0.004,1.008
4.2,1.962,-0.004,0.994
4.22,1.93,-0.012,1.033
4.24,1.97,0.005,0.976
4.26,1.971,-0.01,1.019
4.28,1.986,-0.013,1.021
4.3,2.024,0.006,0.987
4.32,2.026,-0.008,1.033
4.34,2.053,0.005,1.015
4.36,2.033,0.005,1.015
4.38,2.032,-0.023,1.0
4.4,2.052,-0.01,0.997
4.42,2.07,0.029,0.997
4.44,2.078,-0.023,1.006
4.46,2.062,-0.042,1.021
4.48,2.094,-0.037,1.003
4.5,2.105,0.001,0.986
4.52,2.158,0.001,1.012
4.54,2.153,-0.002,1.014
4.56,2.105,0.024,1.01
4.58,2.124,-0.053,1.011
4.6,2.107,0.008,0.996
4.62,2.13,0.031,0.986
4.64,2.154,-0.023,0.987
4.66,2.178,-0.008,0.975
4.68,2.144,-0.015,1.004
4.7,2.151,-0.018,0.999
4.72,2.126,-0.007,0.993
4.74,2.17,0.029,0.956
4.76,2.156,0.037,0.981
4.78,2.17,-0.007,1.017
4.8,2.166,0.038,0.99
4.82,2.185,0.001,1.005
4.84,2.155,0.035,0.979
4.86,2.163,-0.002,1.022
4.88,2.237,0.003,0.998
4.9,2.17,0.007,1.004
4.92,2.176,0.064,1.035
4.94,2.235,0.017,1.023
4.96,2.257,-0.014,0.995
4.98,2.176,0.019,0.991
5.0,0.193,1.193,0.995
5.02,0.207,1.171,1.008
5.04,0.235,1.18,0.998
5.06,0.182,1.143,0.994
5.08,0.198,1.129,1.022
5.1,0.219,1.104,0.998
5.12,0.214,1.092,1.034
5.14,0.2,1.074,1.001
5.16,0.207,1.008,1.027
5.18,0.185,1.041,1.005
5.2,0.211,0.989,1.014
5.22,0.213,0.961,0.989
5.24,0.227,0.97,0.987
5.26,0.215,0.954,1.007
5.28,0.239,0.92,1.015
5.3,0.255,0.931,1.001
5.32,0.242,0.869,0.981
5.34,0.251,0.869,0.98
5.36,0.25,0.847,0.979
5.38,0.255,0.84,0.973
5.4,0.246,0.828,1.002
5.42,0.273,0.784,1.017
5.44,0.272,0.801,1.0
5.46,0.322,0.77,0.966
5.48,0.319,0.713,0.997
5.5,0.302,0.694,0.998
5.52,0.287,0.715,1.031
5.54,0.288,0.693,0.978
5.56,0.342,0.678,0.994
5.58,0.332,0.662,1.026
5.6,0.345,0.65,1.007
5.62,0.31,0.648,1.008
5.64,0.372,0.59,1.002
5.66,0.373,0.572,1.005
5.68,0.351,0.557,1.012
5.7,0.374,0.568,0.988
5.72,0.399,0.571,1.013
5.74,0.405,0.522,0.979
5.76,0.409,0.464,1.005
5.78,0.424,0.465,1.003
5.8,0.432,0.467,0.991
5.82,0.452,0.457,1.0
5.84,0.49,0.445,0.991
5.86,0.422,0.439,0.984
5.88,0.481,0.417,0.995
5.9,0.501,0.43,0.983
5.92,0.517,0.381,1.005
5.94,0.516,0.363,0.983
5.96,0.502,0.376,1.011
5.98,0.557,0.322,0.982
6.0,0.598,0.347,0.992
6.02,0.547,0.328,0.991
6.04,0.609,0.31,1.02
6.06,0.6,0.332,1.005
6.08,0.619,0.275,0.997
6.1,0.614,0.316,1.007
6.12,0.644,0.258,0.968
6.14,0.691,0.226,0.999
6.16,0.692,0.241,1.03
6.18,0.731,0.207,1.002
6.2,0.735,0.202,1.001
6.22,0.736,0.214,1.008
6.24,0.778,0.207,1.013
6.26,0.769,0.173,0.97
6.28,0.793,0.195,0.975
6.3,0.787,0.188,1.003
6.32,0.811,0.184,0.989
6.34,0.812,0.157,1.02
6.36,0.863,0.164,0.995
6.38,0.836,0.091,0.971
6.4,0.893,0.114,0.981
6.42,0.891,0.094,0.959
6.44,0.935,0.106,0.996
6.46,0.945,0.085,0.997
6.48,0.984,0.085,0.994
6.5,0.98,0.119,1.016
6.52,0.952,0.071,1.018
6.54,1.0,0.076,0.997
6.56,0.996,0.057,0.968
6.58,1.027,0.058,1.009
6.6,1.086,0.051,1.008
6.62,1.087,0.054,1.005
6.64,1.079,0.063,1.015
6.66,1.091,0.068,0.983
6.68,1.131,0.037,1.03
6.7,1.125,0.038,0.986
6.72,1.154,-0.0,1.011
6.74,1.193,0.017,0.975
6.76,1.229,0.035,0.986
6.78,1.237,0.03,1.023
6.8,1.198,0.014,0.996
6.82,1.269,0.026,1.013
6.84,1.283,0.016,1.004
6.86,1.309,0.028,0.998
6.88,1.352,0.008,1.02
6.9,1.298,-0.006,0.996
6.92,1.346,0.007,0.973
6.94,1.389,-0.058,0.988
6.96,1.365,0.008,1.008
6.98,1.445,-0.073,1.006
7.0,1.442,-0.034,0.976
7.02,1.471,0.01,0.989
7.04,1.462,0.012,0.991
7.06,1.509,-0.02,0.995
7.08,1.533,-0.009,0.979
7.1,1.535,0.035,0.991
7.12,1.555,-0.0,0.989
7.14,1.574,0.057,1.012
7.16,1.571,0.015,1.012
7.18,1.604,0.026,0.998
7.2,1.623,0.054,0.994
7.22,1.652,0.028,1.002
7.24,1.683,0.009,0.988
7.26,1.661,0.031,0.983
7.28,1.698,0.038,0.986
7.3,1.749,0.016,0.99
7.32,1.723,0.043,0.983
7.34,1.74,0.039,1.002
7.36,1.778,0.078,1.011
7.38,1.809,0.067,0.976
7.4,1.811,0.067,1.0
7.42,1.855,0.077,0.997
7.44,1.864,0.091,1.005
7.46,1.881,0.106,1.0
7.48,1.893,0.081,0.978
7.5,1.946,0.088,0.981
7.52,1.913,0.139,1.0
7.54,1.894,0.117,1.015
7.56,1.983,0.106,0.967
7.58,1.959,0.152,1.005
7.6,1.987,0.162,1.018
7.62,2.028,0.131,0.998
7.64,1.986,0.176,1.008
7.66,2.01,0.196,0.989
7.68,2.019,0.199,0.998
7.7,2.051,0.215,0.976
7.72,2.092,0.185,0.965
7.74,2.109,0.231,1.014
7.76,2.119,0.229,0.985
7.78,2.101,0.237,0.993
7.8,2.098,0.276,0.979
7.82,2.16,0.3,0.979
7.84,2.165,0.319,0.997
7.86,2.198,0.322,0.989
7.88,2.217,0.306,1.006
7.9,2.22,0.328,1.007
7.92,2.246,0.35,1.005
7.94,2.25,0.35,1.004
7.96,2.269,0.364,1.024
7.98,2.258,0.392,0.984
8.0,2.281,0.388,0.999
8.02,2.302,0.389,1.017
8.04,2.327,0.41,1.019
8.06,2.315,0.446,0.979
8.08,2.345,0.448,0.995
8.1,2.342,0.47,1.02
8.12,2.356,0.491,1.008
8.14,2.387,0.486,1.003
8.16,2.341,0.524,0.997
8.18,2.366,0.532,0.994
8.2,2.373,0.516,1.004
8.22,2.366,0.586,0.996
8.24,2.41,0.563,0.999
8.26,2.448,0.557,1.001
8.28,2.437,0.585,0.99
8.3,2.456,0.603,1.008
8.32,2.483,0.641,1.044
8.34,2.497,0.651,0.973
8.36,2.477,0.667,1.005
8.38,2.514,0.704,0.989
8.4,2.497,0.716,1.009
8.42,2.486,0.733,1.001
8.44,2.498,0.752,1.011
8.46,2.488,0.774,1.018
8.48,2.506,0.738,1.003
8.5,2.524,0.791,1.017
8.52,2.553,0.773,0.965
8.54,2.577,0.835,1.024
8.56,2.521,0.853,1.006
8.58,2.562,0.892,1.016
8.6,2.538,0.913,0.982
8.62,2.573,0.912,0.988
8.64,2.566,0.917,1.002
8.66,2.536,0.955,1.0
8.68,2.595,0.954,1.004
8.7,2.568,0.983,1.016
8.72,2.573,1.022,0.974
8.74,2.565,1.01,1.015
8.76,2.576,1.056,1.0
8.78,2.6,1.073,0.997
8.8,2.59,1.059,0.978
8.82,2.602,1.117,1.008
8.84,2.604,1.131,0.964
8.86,2.625,1.138,1.01
8.88,2.592,1.14,0.978
8.9,2.57,1.157,1.001
8.92,2.621,1.183,0.998
8.94,2.593,1.223,1.018
8.96,2.622,1.213,0.997
8.98,2.607,1.26,0.99
9.0,2.596,1.226,0.992
9.02,2.608,1.247,1.015
9.04,2.642,1.253,1.0
9.06,2.646,1.3,0.982
9.08,2.608,1.223,0.98
9.1,2.612,1.28,0.956
9.12,2.632,1.254,0.982
9.14,2.596,1.259,0.946
9.16,2.622,1.253,0.979
9.18,2.616,1.26,0.966
9.2,2.625,1.248,0.996
9.22,2.604,1.28,0.939
9.24,2.591,1.242,0.95
9.26,2.583,1.274,0.975
9.28,2.605,1.238,0.962
9.3,2.62,1.25,0.93
9.32,2.625,1.229,0.939
9.34,2.672,1.26,0.932
9.36,2.657,1.28,0.932
9.38,2.618,1.249,0.914
9.4,2.646,1.247,0.919
9.42,2.633,1.229,0.892
9.44,2.637,1.246,0.914
9.46,2.649,1.219,0.915
9.48,2.659,1.233,0.901
9.5,2.642,1.255,0.876
9.52,2.672,1.277,0.911
9.54,2.63,1.307,0.897
9.56,2.655,1.239,0.877
9.58,2.709,1.28,0.88
9.6,2.663,1.256,0.857
9.62,2.69,1.248,0.861
9.64,2.665,1.26,0.864
9.66,2.677,1.252,0.886
9.68,2.666,1.253,0.854
9.7,2.666,1.243,0.87
9.72,2.655,1.223,0.848
9.74,2.682,1.22,0.856
9.76,2.658,1.264,0.846
9.78,2.69,1.245,0.857
9.8,2.701,1.239,0.832
9.82,2.688,1.251,0.812
9.84,2.677,1.267,0.811
9.86,2.694,1.254,0.82
9.88,2.681,1.238,0.805
9.9,2.708,1.275,0.826
9.92,2.654,1.282,0.809
9.94,2.686,1.261,0.848
9.96,2.655,1.27,0.782
9.98,2.667,1.276,0.807
10.0,2.726,1.273,0.783
10.02,2.719,1.263,0.789
10.04,2.689,1.263,0.794
10.06,2.675,1.261,0.753
10.08,2.648,1.229,0.788
10.1,2.698,1.265,0.809
10.12,2.759,1.224,0.769
10.14,2.722,1.235,0.776
10.16,2.704,1.277,0.783
10.18,2.726,1.268,0.762
10.2,2.688,1.281,0.751
10.22,2.715,1.245,0.722
10.24,2.725,1.228,0.762
10.26,2.723,1.246,0.746
10.28,2.743,1.253,0.729
10.3,2.736,1.252,0.742
10.32,2.744,1.274,0.727
10.34,2.719,1.244,0.724
10.36,2.753,1.258,0.737
10.38,2.769,1.231,0.704
10.4,2.72,1.26,0.736
10.42,2.723,1.251,0.695
10.44,2.77,1.236,0.702
10.46,2.741,1.246,0.737
10.48,2.775,1.247,0.721
10.5,2.74,1.245,0.701
10.52,2.78,1.286,0.682
10.54,2.756,1.249,0.684
10.56,2.76,1.246,0.689
10.58,2.788,1.209,0.685
10.6,2.752,1.233,0.679
10.62,2.742,1.246,0.676
10.64,2.754,1.237,0.669
10.66,2.774,1.279,0.646
10.68,2.736,1.248,0.656
10.7,2.782,1.277,0.674
10.72,2.76,1.252,0.635
10.74,2.796,1.252,0.649
10.76,2.727,1.249,0.636
10.78,2.761,1.251,0.646
10.8,2.745,1.285,0.634
10.82,2.764,1.204,0.658
10.84,2.788,1.211,0.64
10.86,2.781,1.24,0.608
10.88,2.782,1.251,0.634
10.9,2.786,1.265,0.608
10.92,2.795,1.26,0.607
10.94,2.773,1.243,0.617
10.96,2.809,1.271,0.601
10.98,2.81,1.271,0.617
11.0,2.607,1.255,0.988
11.02,2.61,1.27,0.991
11.04,2.605,1.256,0.99
11.06,2.64,1.24,0.992
11.08,2.597,1.265,1.016
11.1,2.593,1.253,1.009
11.12,2.584,1.251,1.026
11.14,2.578,1.28,1.034
11.16,2.574,1.202,0.985
11.18,2.581,1.223,1.001
11.2,2.598,1.227,0.982
11.22,2.606,1.244,0.988
11.24,2.6,1.246,0.991
11.26,2.584,1.221,0.984
11.28,2.617,1.231,0.984
11.3,2.614,1.234,0.998
11.32,2.596,1.3,0.982
11.34,2.586,1.287,1.013
11.36,2.61,1.243,0.986
11.38,2.603,1.244,1.042
11.4,2.57,1.228,0.993
11.42,2.598,1.213,1.001
11.44,2.604,1.249,0.981
11.46,2.581,1.231,1.026
11.48,2.603,1.249,1.017
11.5,2.57,1.219,1.004
11.52,2.626,1.236,0.98
11.54,2.624,1.254,1.003
11.56,2.594,1.258,0.983
11.58,2.606,1.259,1.022
11.6,2.551,1.224,1.012
11.62,2.576,1.268,1.001
11.64,2.593,1.235,0.963
11.66,2.577,1.264,0.985
11.68,2.613,1.251,1.01
11.7,2.639,1.223,1.018
11.72,2.575,1.245,1.017
11.74,2.582,1.258,0.976
11.76,2.604,1.263,1.005
11.78,2.631,1.248,1.015
11.8,2.574,1.282,0.975
11.82,2.604,1.271,1.0
11.84,2.635,1.246,1.004
11.86,2.566,1.266,0.995
11.88,2.573,1.29,0.972
11.9,2.59,1.29,0.995
11.92,2.589,1.226,0.995
11.94,2.615,1.232,0.998
11.96,2.604,1.281,0.992
11.98,2.563,1.23,0.993
